{"cameraMode":{"drawMode":0,"name":"Shaded","section":"Shading Mode"},"sceneLighting":false,"audioPlay":false,"sceneViewState":{"showFog":true,"showMaterialUpdate":true,"showSkybox":true,"showFlares":true,"showImageEffects":true,"showParticleSystems":true},"in2DMode":false,"pivot":{"x":1.4901161193847657e-8,"y":0.15229007601737977,"z":1.4901161193847657e-8},"rotation":{"x":-0.16195106506347657,"y":0.09899264574050904,"z":-0.016330353915691377,"w":-0.9816851019859314},"size":0.9647573232650757,"orthographic":true}