{"cameraMode":{"drawMode":0,"name":"Shaded","section":"Shading Mode"},"sceneLighting":false,"audioPlay":false,"sceneViewState":{"showFog":true,"showMaterialUpdate":true,"showSkybox":true,"showFlares":true,"showImageEffects":true,"showParticleSystems":true},"in2DMode":false,"pivot":{"x":-1.4000006914138795,"y":-2.7999989986419679,"z":-9.685754776000977e-7},"rotation":{"x":-0.16195106506347657,"y":0.09899264574050904,"z":-0.016330353915691377,"w":-0.9816851019859314},"size":2.680938243865967,"orthographic":true}