{"cameraMode":{"drawMode":0,"name":"Shaded","section":"Shading Mode"},"sceneLighting":false,"audioPlay":false,"sceneViewState":{"showFog":true,"showMaterialUpdate":true,"showSkybox":true,"showFlares":true,"showImageEffects":true,"showParticleSystems":true},"in2DMode":false,"pivot":{"x":0.0,"y":1.6763806343078614e-8,"z":1.4901161193847657e-8},"rotation":{"x":-0.13457202911376954,"y":-0.016349196434020997,"z":0.0022207589354366066,"w":-0.9907665252685547},"size":0.32212531566619875,"orthographic":true}