{"cameraMode":{"drawMode":0,"name":"Shaded","section":"Shading Mode"},"sceneLighting":false,"audioPlay":false,"sceneViewState":{"showFog":true,"showMaterialUpdate":true,"showSkybox":true,"showFlares":true,"showImageEffects":true,"showParticleSystems":true},"in2DMode":false,"pivot":{"x":-0.20000004768371583,"y":-3.2200000286102297,"z":-4.470348358154297e-8},"rotation":{"x":-0.13457202911376954,"y":-0.016349196434020997,"z":0.0022207589354366066,"w":-0.9907665252685547},"size":11.679094314575196,"orthographic":true}