{"cameraMode":{"drawMode":0,"name":"Shaded","section":"Shading Mode"},"sceneLighting":false,"audioPlay":false,"sceneViewState":{"showFog":true,"showMaterialUpdate":true,"showSkybox":true,"showFlares":true,"showImageEffects":true,"showParticleSystems":true},"in2DMode":false,"pivot":{"x":-1.9800000190734864,"y":-2.4000000953674318,"z":-1.2999999523162842},"rotation":{"x":-0.13457202911376954,"y":-0.016349196434020997,"z":0.0022207589354366066,"w":-0.9907665252685547},"size":1.3549147844314576,"orthographic":true}